<?xml version="1.0" encoding="UTF-8"?>
<GenRun Id="impl_1" LaunchPart="xc7a35tcpg236-1" LaunchTime="1713287914">
  <File Type="ROUTE-PWR" Name="jsk_top_wrapper_power_routed.rpt"/>
  <File Type="PA-TCL" Name="jsk_top_wrapper.tcl"/>
  <File Type="ROUTE-PWR-SUM" Name="jsk_top_wrapper_power_summary_routed.pb"/>
  <File Type="REPORTS-TCL" Name="jsk_top_wrapper_reports.tcl"/>
  <File Type="BITSTR-MSK" Name="jsk_top_wrapper.msk"/>
  <File Type="ROUTE-CLK" Name="jsk_top_wrapper_clock_utilization_routed.rpt"/>
  <File Type="RDI-RDI" Name="jsk_top_wrapper.vdi"/>
  <File Type="BG-BIT" Name="jsk_top_wrapper.bit"/>
  <File Type="BG-DRC" Name="jsk_top_wrapper.drc"/>
  <File Type="BG-BGN" Name="jsk_top_wrapper.bgn"/>
  <File Type="BG-BIN" Name="jsk_top_wrapper.bin"/>
  <File Type="BITSTR-RBT" Name="jsk_top_wrapper.rbt"/>
  <File Type="BITSTR-NKY" Name="jsk_top_wrapper.nky"/>
  <File Type="BITSTR-BMM" Name="jsk_top_wrapper_bd.bmm"/>
  <File Type="ROUTE-METHODOLOGY-DRC" Name="jsk_top_wrapper_methodology_drc_routed.rpt"/>
  <File Type="BITSTR-MMI" Name="jsk_top_wrapper.mmi"/>
  <File Type="BITSTR-SYSDEF" Name="jsk_top_wrapper.sysdef"/>
  <File Type="BITSTR-LTX" Name="debug_nets.ltx"/>
  <File Type="BITSTR-LTX" Name="jsk_top_wrapper.ltx"/>
  <File Type="WBT-USG" Name="usage_statistics_webtalk.html"/>
  <File Type="OPT-DRC" Name="jsk_top_wrapper_drc_opted.rpt"/>
  <File Type="OPT-HWDEF" Name="jsk_top_wrapper.hwdef"/>
  <File Type="PLACE-IO" Name="jsk_top_wrapper_io_placed.rpt"/>
  <File Type="PLACE-UTIL" Name="jsk_top_wrapper_utilization_placed.rpt"/>
  <File Type="PLACE-UTIL-PB" Name="jsk_top_wrapper_utilization_placed.pb"/>
  <File Type="PLACE-CTRL" Name="jsk_top_wrapper_control_sets_placed.rpt"/>
  <File Type="PLACE-PRE-SIMILARITY" Name="jsk_top_wrapper_incremental_reuse_pre_placed.rpt"/>
  <File Type="ROUTE-DRC" Name="jsk_top_wrapper_drc_routed.rpt"/>
  <File Type="ROUTE-DRC-PB" Name="jsk_top_wrapper_drc_routed.pb"/>
  <File Type="ROUTE-PWR-RPX" Name="jsk_top_wrapper_power_routed.rpx"/>
  <File Type="ROUTE-STATUS" Name="jsk_top_wrapper_route_status.rpt"/>
  <File Type="ROUTE-STATUS-PB" Name="jsk_top_wrapper_route_status.pb"/>
  <File Type="ROUTE-DCP" Name="jsk_top_wrapper_routed.dcp"/>
  <File Type="ROUTE-ERROR-DCP" Name="jsk_top_wrapper_routed_error.dcp"/>
  <File Type="ROUTE-BLACKBOX-DCP" Name="jsk_top_wrapper_routed_bb.dcp"/>
  <File Type="ROUTE-TIMINGSUMMARY" Name="jsk_top_wrapper_timing_summary_routed.rpt"/>
  <File Type="ROUTE-TIMING-PB" Name="jsk_top_wrapper_timing_summary_routed.pb"/>
  <File Type="ROUTE-TIMING-RPX" Name="jsk_top_wrapper_timing_summary_routed.rpx"/>
  <File Type="ROUTE-BUS-SKEW" Name="jsk_top_wrapper_bus_skew_routed.rpt"/>
  <File Type="ROUTE-BUS-SKEW-PB" Name="jsk_top_wrapper_bus_skew_routed.pb"/>
  <File Type="ROUTE-BUS-SKEW-RPX" Name="jsk_top_wrapper_bus_skew_routed.rpx"/>
  <File Type="OPT-DCP" Name="jsk_top_wrapper_opt.dcp"/>
  <File Type="PLACE-DCP" Name="jsk_top_wrapper_placed.dcp"/>
  <File Type="PWROPT-DCP" Name="jsk_top_wrapper_pwropt.dcp"/>
  <File Type="POSTPLACE-PWROPT-DCP" Name="jsk_top_wrapper_postplace_pwropt.dcp"/>
  <File Type="PHYSOPT-DCP" Name="jsk_top_wrapper_physopt.dcp"/>
  <File Type="POSTROUTE-PHYSOPT-DCP" Name="jsk_top_wrapper_postroute_physopt.dcp"/>
  <File Type="POSTROUTE-PHYSOPT-BLACKBOX-DCP" Name="jsk_top_wrapper_postroute_physopt_bb.dcp"/>
  <File Type="ROUTE-METHODOLOGY-DRC-PB" Name="jsk_top_wrapper_methodology_drc_routed.pb"/>
  <File Type="ROUTE-DRC-RPX" Name="jsk_top_wrapper_drc_routed.rpx"/>
  <File Type="ROUTE-METHODOLOGY-DRC-RPX" Name="jsk_top_wrapper_methodology_drc_routed.rpx"/>
  <File Type="PDI-FILE" Name="jsk_top_wrapper.pdi"/>
  <File Type="RCFI_FILE" Name="jsk_top_wrapper.rcfi"/>
  <File Type="CFI_FILE" Name="jsk_top_wrapper.cfi"/>
  <File Type="RNPI_FILE" Name="jsk_top_wrapper.rnpi"/>
  <File Type="NPI_FILE" Name="jsk_top_wrapper.npi"/>
  <File Type="RBD_FILE" Name="jsk_top_wrapper.rbd"/>
  <FileSet Name="sources" Type="DesignSrcs" RelSrcDir="$PSRCDIR/sources_1" RelGenDir="$PGENDIR/sources_1">
    <Filter Type="Srcs"/>
    <File Path="$PSRCDIR/sources_1/imports/02_src/digilent_jstk2.vhd">
      <FileInfo>
        <Attr Name="ImportPath" Val="$PPRDIR/../../Z01_ArchiveProj/00_Project/03_DESD/07_LAB2/02_src/digilent_jstk2.vhd"/>
        <Attr Name="ImportTime" Val="1713285103"/>
        <Attr Name="UsedIn" Val="synthesis"/>
        <Attr Name="UsedIn" Val="simulation"/>
      </FileInfo>
    </File>
    <File Path="$PSRCDIR/sources_1/imports/02_src/jstk_uart_bridge.vhd">
      <FileInfo>
        <Attr Name="ImportPath" Val="$PPRDIR/../../Z01_ArchiveProj/00_Project/03_DESD/07_LAB2/02_src/jstk_uart_bridge.vhd"/>
        <Attr Name="ImportTime" Val="1713286962"/>
        <Attr Name="UsedIn" Val="synthesis"/>
        <Attr Name="UsedIn" Val="simulation"/>
      </FileInfo>
    </File>
    <File Path="$PSRCDIR/sources_1/bd/jsk_top/jsk_top.bd">
      <FileInfo>
        <Attr Name="ImportPath" Val="$PPRDIR/../../Z01_ArchiveProj/00_Project/03_DESD/07_LAB2/01_proj/jstkLab2/jstkLab2.srcs/sources_1/bd/jsk_top/jsk_top.bd"/>
        <Attr Name="ImportTime" Val="1713295285"/>
        <Attr Name="UsedIn" Val="synthesis"/>
        <Attr Name="UsedIn" Val="implementation"/>
        <Attr Name="UsedIn" Val="simulation"/>
      </FileInfo>
    </File>
    <File Path="$PSRCDIR/sources_1/imports/jsk_top_wrapper.vhd">
      <FileInfo>
        <Attr Name="ImportPath" Val="$PPRDIR/../../Z01_ArchiveProj/00_Project/03_DESD/07_LAB2/01_proj/jstkLab2/jstkLab2.gen/sources_1/bd/jsk_top/hdl/jsk_top_wrapper.vhd"/>
        <Attr Name="ImportTime" Val="1713287592"/>
        <Attr Name="UsedIn" Val="synthesis"/>
        <Attr Name="UsedIn" Val="simulation"/>
      </FileInfo>
    </File>
    <Config>
      <Option Name="DesignMode" Val="RTL"/>
      <Option Name="TopModule" Val="jsk_top_wrapper"/>
    </Config>
  </FileSet>
  <FileSet Name="constrs_in" Type="Constrs" RelSrcDir="$PSRCDIR/constrs_1">
    <Filter Type="Constrs"/>
    <File Path="$PSRCDIR/constrs_1/imports/03_constrs/jstik.xdc">
      <FileInfo>
        <Attr Name="ImportPath" Val="$PPRDIR/../../Z01_ArchiveProj/00_Project/03_DESD/07_LAB2/03_constrs/jstik.xdc"/>
        <Attr Name="ImportTime" Val="1713287575"/>
        <Attr Name="UsedIn" Val="synthesis"/>
        <Attr Name="UsedIn" Val="implementation"/>
      </FileInfo>
    </File>
    <Config>
      <Option Name="ConstrsType" Val="XDC"/>
    </Config>
  </FileSet>
  <FileSet Name="utils" Type="Utils" RelSrcDir="$PSRCDIR/utils_1">
    <Filter Type="Utils"/>
    <Config>
      <Option Name="TopAutoSet" Val="TRUE"/>
    </Config>
  </FileSet>
  <Strategy Version="1" Minor="2">
    <StratHandle Name="Vivado Implementation Defaults" Flow="Vivado Implementation 2020"/>
    <Step Id="init_design"/>
    <Step Id="opt_design"/>
    <Step Id="power_opt_design"/>
    <Step Id="place_design"/>
    <Step Id="post_place_power_opt_design"/>
    <Step Id="phys_opt_design"/>
    <Step Id="route_design"/>
    <Step Id="post_route_phys_opt_design"/>
    <Step Id="write_bitstream">
      <Option Id="BinFile">1</Option>
    </Step>
    <Step Id="write_device_image"/>
  </Strategy>
  <BlockFileSet Type="BlockSrcs" Name="jsk_top_clk_wiz_0_0"/>
  <BlockFileSet Type="BlockSrcs" Name="jsk_top_AXI4Stream_UART_0_0"/>
  <BlockFileSet Type="BlockSrcs" Name="jsk_top_axi4stream_spi_master_0_0"/>
  <BlockFileSet Type="BlockSrcs" Name="jsk_top_proc_sys_reset_0_0"/>
  <BlockFileSet Type="BlockSrcs" Name="jsk_top_jstk_uart_bridge_0_0"/>
  <BlockFileSet Type="BlockSrcs" Name="jsk_top_digilent_jstk2_0_0"/>
</GenRun>
