<?xml version="1.0" encoding="UTF-8"?>
<GenRun Id="synth_1" LaunchPart="xc7a35tcpg236-1" LaunchTime="1713287596">
  <File Type="PA-TCL" Name="jsk_top_wrapper.tcl"/>
  <File Type="REPORTS-TCL" Name="jsk_top_wrapper_reports.tcl"/>
  <File Type="RDS-RDS" Name="jsk_top_wrapper.vds"/>
  <File Type="RDS-UTIL" Name="jsk_top_wrapper_utilization_synth.rpt"/>
  <File Type="RDS-UTIL-PB" Name="jsk_top_wrapper_utilization_synth.pb"/>
  <File Type="RDS-DCP" Name="jsk_top_wrapper.dcp"/>
  <FileSet Name="sources" Type="DesignSrcs" RelSrcDir="$PSRCDIR/sources_1" RelGenDir="$PGENDIR/sources_1">
    <Filter Type="Srcs"/>
    <File Path="$PSRCDIR/sources_1/imports/02_src/digilent_jstk2.vhd">
      <FileInfo>
        <Attr Name="ImportPath" Val="$PPRDIR/../../Z01_ArchiveProj/00_Project/03_DESD/07_LAB2/02_src/digilent_jstk2.vhd"/>
        <Attr Name="ImportTime" Val="1713285103"/>
        <Attr Name="UsedIn" Val="synthesis"/>
        <Attr Name="UsedIn" Val="simulation"/>
      </FileInfo>
    </File>
    <File Path="$PSRCDIR/sources_1/imports/02_src/jstk_uart_bridge.vhd">
      <FileInfo>
        <Attr Name="ImportPath" Val="$PPRDIR/../../Z01_ArchiveProj/00_Project/03_DESD/07_LAB2/02_src/jstk_uart_bridge.vhd"/>
        <Attr Name="ImportTime" Val="1713286962"/>
        <Attr Name="UsedIn" Val="synthesis"/>
        <Attr Name="UsedIn" Val="simulation"/>
      </FileInfo>
    </File>
    <File Path="$PSRCDIR/sources_1/bd/jsk_top/jsk_top.bd">
      <FileInfo>
        <Attr Name="ImportPath" Val="$PPRDIR/../../Z01_ArchiveProj/00_Project/03_DESD/07_LAB2/01_proj/jstkLab2/jstkLab2.srcs/sources_1/bd/jsk_top/jsk_top.bd"/>
        <Attr Name="ImportTime" Val="1713295285"/>
        <Attr Name="UsedIn" Val="synthesis"/>
        <Attr Name="UsedIn" Val="implementation"/>
        <Attr Name="UsedIn" Val="simulation"/>
      </FileInfo>
    </File>
    <File Path="$PSRCDIR/sources_1/imports/jsk_top_wrapper.vhd">
      <FileInfo>
        <Attr Name="ImportPath" Val="$PPRDIR/../../Z01_ArchiveProj/00_Project/03_DESD/07_LAB2/01_proj/jstkLab2/jstkLab2.gen/sources_1/bd/jsk_top/hdl/jsk_top_wrapper.vhd"/>
        <Attr Name="ImportTime" Val="1713287592"/>
        <Attr Name="UsedIn" Val="synthesis"/>
        <Attr Name="UsedIn" Val="simulation"/>
      </FileInfo>
    </File>
    <Config>
      <Option Name="DesignMode" Val="RTL"/>
      <Option Name="TopModule" Val="jsk_top_wrapper"/>
    </Config>
  </FileSet>
  <FileSet Name="constrs_in" Type="Constrs" RelSrcDir="$PSRCDIR/constrs_1">
    <Filter Type="Constrs"/>
    <File Path="$PSRCDIR/constrs_1/imports/03_constrs/jstik.xdc">
      <FileInfo>
        <Attr Name="ImportPath" Val="$PPRDIR/../../Z01_ArchiveProj/00_Project/03_DESD/07_LAB2/03_constrs/jstik.xdc"/>
        <Attr Name="ImportTime" Val="1713287575"/>
        <Attr Name="UsedIn" Val="synthesis"/>
        <Attr Name="UsedIn" Val="implementation"/>
      </FileInfo>
    </File>
    <Config>
      <Option Name="ConstrsType" Val="XDC"/>
    </Config>
  </FileSet>
  <FileSet Name="utils" Type="Utils" RelSrcDir="$PSRCDIR/utils_1">
    <Filter Type="Utils"/>
    <Config>
      <Option Name="TopAutoSet" Val="TRUE"/>
    </Config>
  </FileSet>
  <Strategy Version="1" Minor="2">
    <StratHandle Name="Vivado Synthesis Defaults" Flow="Vivado Synthesis 2020"/>
    <Step Id="synth_design"/>
  </Strategy>
  <BlockFileSet Type="BlockSrcs" Name="jsk_top_clk_wiz_0_0"/>
  <BlockFileSet Type="BlockSrcs" Name="jsk_top_AXI4Stream_UART_0_0"/>
  <BlockFileSet Type="BlockSrcs" Name="jsk_top_axi4stream_spi_master_0_0"/>
  <BlockFileSet Type="BlockSrcs" Name="jsk_top_proc_sys_reset_0_0"/>
  <BlockFileSet Type="BlockSrcs" Name="jsk_top_jstk_uart_bridge_0_0"/>
  <BlockFileSet Type="BlockSrcs" Name="jsk_top_digilent_jstk2_0_0"/>
</GenRun>
